"id","provincia_id","nombre"
"10101","101","Chachapoyas"
"10102","101","Asunción"
"10103","101","Balsas"
"10104","101","Cheto"
"10105","101","Chiliquin"
"10106","101","Chuquibamba"
"10107","101","Granada"
"10108","101","Huancas"
"10109","101","La Jalca"
"10110","101","Leimebamba"
"10111","101","Levanto"
"10112","101","Magdalena"
"10113","101","Mariscal Castilla"
"10114","101","Molinopampa"
"10115","101","Montevideo"
"10116","101","Olleros"
"10117","101","Quinjalca"
"10118","101","San Francisco de Daguas"
"10119","101","San Isidro de Maino"
"10120","101","Soloco"
"10121","101","Sonche"
"10201","102","Bagua"
"10202","102","Aramango"
"10203","102","Copallin"
"10204","102","El Parco"
"10205","102","Imaza"
"10206","102","La Peca"
"10301","103","Jumbilla"
"10302","103","Chisquilla"
"10303","103","Churuja"
"10304","103","Corosha"
"10305","103","Cuispes"
"10306","103","Florida"
"10307","103","Jazan"
"10308","103","Recta"
"10309","103","San Carlos"
"10310","103","Shipasbamba"
"10311","103","Valera"
"10312","103","Yambrasbamba"
"10401","104","Nieva"
"10402","104","El Cenepa"
"10403","104","Río Santiago"
"10501","105","Lamud"
"10502","105","Camporredondo"
"10503","105","Cocabamba"
"10504","105","Colcamar"
"10505","105","Conila"
"10506","105","Inguilpata"
"10507","105","Longuita"
"10508","105","Lonya Chico"
"10509","105","Luya"
"10510","105","Luya Viejo"
"10511","105","María"
"10512","105","Ocalli"
"10513","105","Ocumal"
"10514","105","Pisuquia"
"10515","105","Providencia"
"10516","105","San Cristóbal"
"10517","105","San Francisco de Yeso"
"10518","105","San Jerónimo"
"10519","105","San Juan de Lopecancha"
"10520","105","Santa Catalina"
"10521","105","Santo Tomas"
"10522","105","Tingo"
"10523","105","Trita"
"10601","106","San Nicolás"
"10602","106","Chirimoto"
"10603","106","Cochamal"
"10604","106","Huambo"
"10605","106","Limabamba"
"10606","106","Longar"
"10607","106","Mariscal Benavides"
"10608","106","Milpuc"
"10609","106","Omia"
"10610","106","Santa Rosa"
"10611","106","Totora"
"10612","106","Vista Alegre"
"10701","107","Bagua Grande"
"10702","107","Cajaruro"
"10703","107","Cumba"
"10704","107","El Milagro"
"10705","107","Jamalca"
"10706","107","Lonya Grande"
"10707","107","Yamon"
"20101","201","Huaraz"
"20102","201","Cochabamba"
"20103","201","Colcabamba"
"20104","201","Huanchay"
"20105","201","Independencia"
"20106","201","Jangas"
"20107","201","La Libertad"
"20108","201","Olleros"
"20109","201","Pampas Grande"
"20110","201","Pariacoto"
"20111","201","Pira"
"20112","201","Tarica"
"20201","202","Aija"
"20202","202","Coris"
"20203","202","Huacllan"
"20204","202","La Merced"
"20205","202","Succha"
"20301","203","Llamellin"
"20302","203","Aczo"
"20303","203","Chaccho"
"20304","203","Chingas"
"20305","203","Mirgas"
"20306","203","San Juan de Rontoy"
"20401","204","Chacas"
"20402","204","Acochaca"
"20501","205","Chiquian"
"20502","205","Abelardo Pardo Lezameta"
"20503","205","Antonio Raymondi"
"20504","205","Aquia"
"20505","205","Cajacay"
"20506","205","Canis"
"20507","205","Colquioc"
"20508","205","Huallanca"
"20509","205","Huasta"
"20510","205","Huayllacayan"
"20511","205","La Primavera"
"20512","205","Mangas"
"20513","205","Pacllon"
"20514","205","San Miguel de Corpanqui"
"20515","205","Ticllos"
"20601","206","Carhuaz"
"20602","206","Acopampa"
"20603","206","Amashca"
"20604","206","Anta"
"20605","206","Ataquero"
"20606","206","Marcara"
"20607","206","Pariahuanca"
"20608","206","San Miguel de Aco"
"20609","206","Shilla"
"20610","206","Tinco"
"20611","206","Yungar"
"20701","207","San Luis"
"20702","207","San Nicolás"
"20703","207","Yauya"
"20801","208","Casma"
"20802","208","Buena Vista Alta"
"20803","208","Comandante Noel"
"20804","208","Yautan"
"20901","209","Corongo"
"20902","209","Aco"
"20903","209","Bambas"
"20904","209","Cusca"
"20905","209","La Pampa"
"20906","209","Yanac"
"20907","209","Yupan"
"21001","210","Huari"
"21002","210","Anra"
"21003","210","Cajay"
"21004","210","Chavin de Huantar"
"21005","210","Huacachi"
"21006","210","Huacchis"
"21007","210","Huachis"
"21008","210","Huantar"
"21009","210","Masin"
"21010","210","Paucas"
"21011","210","Ponto"
"21012","210","Rahuapampa"
"21013","210","Rapayan"
"21014","210","San Marcos"
"21015","210","San Pedro de Chana"
"21016","210","Uco"
"21101","211","Huarmey"
"21102","211","Cochapeti"
"21103","211","Culebras"
"21104","211","Huayan"
"21105","211","Malvas"
"21201","212","Caraz"
"21202","212","Huallanca"
"21203","212","Huata"
"21204","212","Huaylas"
"21205","212","Mato"
"21206","212","Pamparomas"
"21207","212","Pueblo Libre"
"21208","212","Santa Cruz"
"21209","212","Santo Toribio"
"21210","212","Yuracmarca"
"21301","213","Piscobamba"
"21302","213","Casca"
"21303","213","Eleazar Guzmán Barron"
"21304","213","Fidel Olivas Escudero"
"21305","213","Llama"
"21306","213","Llumpa"
"21307","213","Lucma"
"21308","213","Musga"
"21401","214","Ocros"
"21402","214","Acas"
"21403","214","Cajamarquilla"
"21404","214","Carhuapampa"
"21405","214","Cochas"
"21406","214","Congas"
"21407","214","Llipa"
"21408","214","San Cristóbal de Rajan"
"21409","214","San Pedro"
"21410","214","Santiago de Chilcas"
"21501","215","Cabana"
"21502","215","Bolognesi"
"21503","215","Conchucos"
"21504","215","Huacaschuque"
"21505","215","Huandoval"
"21506","215","Lacabamba"
"21507","215","Llapo"
"21508","215","Pallasca"
"21509","215","Pampas"
"21510","215","Santa Rosa"
"21511","215","Tauca"
"21601","216","Pomabamba"
"21602","216","Huayllan"
"21603","216","Parobamba"
"21604","216","Quinuabamba"
"21701","217","Recuay"
"21702","217","Catac"
"21703","217","Cotaparaco"
"21704","217","Huayllapampa"
"21705","217","Llacllin"
"21706","217","Marca"
"21707","217","Pampas Chico"
"21708","217","Pararin"
"21709","217","Tapacocha"
"21710","217","Ticapampa"
"21801","218","Chimbote"
"21802","218","Cáceres del Perú"
"21803","218","Coishco"
"21804","218","Macate"
"21805","218","Moro"
"21806","218","Nepeña"
"21807","218","Samanco"
"21808","218","Santa"
"21809","218","Nuevo Chimbote"
"21901","219","Sihuas"
"21902","219","Acobamba"
"21903","219","Alfonso Ugarte"
"21904","219","Cashapampa"
"21905","219","Chingalpo"
"21906","219","Huayllabamba"
"21907","219","Quiches"
"21908","219","Ragash"
"21909","219","San Juan"
"21910","219","Sicsibamba"
"22001","220","Yungay"
"22002","220","Cascapara"
"22003","220","Mancos"
"22004","220","Matacoto"
"22005","220","Quillo"
"22006","220","Ranrahirca"
"22007","220","Shupluy"
"22008","220","Yanama"
"30101","301","Abancay"
"30102","301","Chacoche"
"30103","301","Circa"
"30104","301","Curahuasi"
"30105","301","Huanipaca"
"30106","301","Lambrama"
"30107","301","Pichirhua"
"30108","301","San Pedro de Cachora"
"30109","301","Tamburco"
"30201","302","Andahuaylas"
"30202","302","Andarapa"
"30203","302","Chiara"
"30204","302","Huancarama"
"30205","302","Huancaray"
"30206","302","Huayana"
"30207","302","Kishuara"
"30208","302","Pacobamba"
"30209","302","Pacucha"
"30210","302","Pampachiri"
"30211","302","Pomacocha"
"30212","302","San Antonio de Cachi"
"30213","302","San Jerónimo"
"30214","302","San Miguel de Chaccrampa"
"30215","302","Santa María de Chicmo"
"30216","302","Talavera"
"30217","302","Tumay Huaraca"
"30218","302","Turpo"
"30219","302","Kaquiabamba"
"30220","302","José María Arguedas"
"30301","303","Antabamba"
"30302","303","El Oro"
"30303","303","Huaquirca"
"30304","303","Juan Espinoza Medrano"
"30305","303","Oropesa"
"30306","303","Pachaconas"
"30307","303","Sabaino"
"30401","304","Chalhuanca"
"30402","304","Capaya"
"30403","304","Caraybamba"
"30404","304","Chapimarca"
"30405","304","Colcabamba"
"30406","304","Cotaruse"
"30407","304","Ihuayllo"
"30408","304","Justo Apu Sahuaraura"
"30409","304","Lucre"
"30410","304","Pocohuanca"
"30411","304","San Juan de Chacña"
"30412","304","Sañayca"
"30413","304","Soraya"
"30414","304","Tapairihua"
"30415","304","Tintay"
"30416","304","Toraya"
"30417","304","Yanaca"
"30501","305","Tambobamba"
"30502","305","Cotabambas"
"30503","305","Coyllurqui"
"30504","305","Haquira"
"30505","305","Mara"
"30506","305","Challhuahuacho"
"30601","306","Chincheros"
"30602","306","Anco_Huallo"
"30603","306","Cocharcas"
"30604","306","Huaccana"
"30605","306","Ocobamba"
"30606","306","Ongoy"
"30607","306","Uranmarca"
"30608","306","Ranracancha"
"30609","306","Rocchacc"
"30610","306","El Porvenir"
"30611","306","Los Chankas"
"30701","307","Chuquibambilla"
"30702","307","Curpahuasi"
"30703","307","Gamarra"
"30704","307","Huayllati"
"30705","307","Mamara"
"30706","307","Micaela Bastidas"
"30707","307","Pataypampa"
"30708","307","Progreso"
"30709","307","San Antonio"
"30710","307","Santa Rosa"
"30711","307","Turpay"
"30712","307","Vilcabamba"
"30713","307","Virundo"
"30714","307","Curasco"
"40101","401","Arequipa"
"40102","401","Alto Selva Alegre"
"40103","401","Cayma"
"40104","401","Cerro Colorado"
"40105","401","Characato"
"40106","401","Chiguata"
"40107","401","Jacobo Hunter"
"40108","401","La Joya"
"40109","401","Mariano Melgar"
"40110","401","Miraflores"
"40111","401","Mollebaya"
"40112","401","Paucarpata"
"40113","401","Pocsi"
"40114","401","Polobaya"
"40115","401","Quequeña"
"40116","401","Sabandia"
"40117","401","Sachaca"
"40118","401","San Juan de Siguas"
"40119","401","San Juan de Tarucani"
"40120","401","Santa Isabel de Siguas"
"40121","401","Santa Rita de Siguas"
"40122","401","Socabaya"
"40123","401","Tiabaya"
"40124","401","Uchumayo"
"40125","401","Vitor"
"40126","401","Yanahuara"
"40127","401","Yarabamba"
"40128","401","Yura"
"40129","401","José Luis Bustamante Y Rivero"
"40201","402","Camaná"
"40202","402","José María Quimper"
"40203","402","Mariano Nicolás Valcárcel"
"40204","402","Mariscal Cáceres"
"40205","402","Nicolás de Pierola"
"40206","402","Ocoña"
"40207","402","Quilca"
"40208","402","Samuel Pastor"
"40301","403","Caravelí"
"40302","403","Acarí"
"40303","403","Atico"
"40304","403","Atiquipa"
"40305","403","Bella Unión"
"40306","403","Cahuacho"
"40307","403","Chala"
"40308","403","Chaparra"
"40309","403","Huanuhuanu"
"40310","403","Jaqui"
"40311","403","Lomas"
"40312","403","Quicacha"
"40313","403","Yauca"
"40401","404","Aplao"
"40402","404","Andagua"
"40403","404","Ayo"
"40404","404","Chachas"
"40405","404","Chilcaymarca"
"40406","404","Choco"
"40407","404","Huancarqui"
"40408","404","Machaguay"
"40409","404","Orcopampa"
"40410","404","Pampacolca"
"40411","404","Tipan"
"40412","404","Uñon"
"40413","404","Uraca"
"40414","404","Viraco"
"40501","405","Chivay"
"40502","405","Achoma"
"40503","405","Cabanaconde"
"40504","405","Callalli"
"40505","405","Caylloma"
"40506","405","Coporaque"
"40507","405","Huambo"
"40508","405","Huanca"
"40509","405","Ichupampa"
"40510","405","Lari"
"40511","405","Lluta"
"40512","405","Maca"
"40513","405","Madrigal"
"40514","405","San Antonio de Chuca"
"40515","405","Sibayo"
"40516","405","Tapay"
"40517","405","Tisco"
"40518","405","Tuti"
"40519","405","Yanque"
"40520","405","Majes"
"40601","406","Chuquibamba"
"40602","406","Andaray"
"40603","406","Cayarani"
"40604","406","Chichas"
"40605","406","Iray"
"40606","406","Río Grande"
"40607","406","Salamanca"
"40608","406","Yanaquihua"
"40701","407","Mollendo"
"40702","407","Cocachacra"
"40703","407","Dean Valdivia"
"40704","407","Islay"
"40705","407","Mejia"
"40706","407","Punta de Bombón"
"40801","408","Cotahuasi"
"40802","408","Alca"
"40803","408","Charcana"
"40804","408","Huaynacotas"
"40805","408","Pampamarca"
"40806","408","Puyca"
"40807","408","Quechualla"
"40808","408","Sayla"
"40809","408","Tauria"
"40810","408","Tomepampa"
"40811","408","Toro"
"50101","501","Ayacucho"
"50102","501","Acocro"
"50103","501","Acos Vinchos"
"50104","501","Carmen Alto"
"50105","501","Chiara"
"50106","501","Ocros"
"50107","501","Pacaycasa"
"50108","501","Quinua"
"50109","501","San José de Ticllas"
"50110","501","San Juan Bautista"
"50111","501","Santiago de Pischa"
"50112","501","Socos"
"50113","501","Tambillo"
"50114","501","Vinchos"
"50115","501","Jesús Nazareno"
"50116","501","Andrés Avelino Cáceres Dorregaray"
"50201","502","Cangallo"
"50202","502","Chuschi"
"50203","502","Los Morochucos"
"50204","502","María Parado de Bellido"
"50205","502","Paras"
"50206","502","Totos"
"50301","503","Sancos"
"50302","503","Carapo"
"50303","503","Sacsamarca"
"50304","503","Santiago de Lucanamarca"
"50401","504","Huanta"
"50402","504","Ayahuanco"
"50403","504","Huamanguilla"
"50404","504","Iguain"
"50405","504","Luricocha"
"50406","504","Santillana"
"50407","504","Sivia"
"50408","504","Llochegua"
"50409","504","Canayre"
"50410","504","Uchuraccay"
"50411","504","Pucacolpa"
"50412","504","Chaca"
"50501","505","San Miguel"
"50502","505","Anco"
"50503","505","Ayna"
"50504","505","Chilcas"
"50505","505","Chungui"
"50506","505","Luis Carranza"
"50507","505","Santa Rosa"
"50508","505","Tambo"
"50509","505","Samugari"
"50510","505","Anchihuay"
"50511","505","Oronccoy"
"50601","506","Puquio"
"50602","506","Aucara"
"50603","506","Cabana"
"50604","506","Carmen Salcedo"
"50605","506","Chaviña"
"50606","506","Chipao"
"50607","506","Huac-Huas"
"50608","506","Laramate"
"50609","506","Leoncio Prado"
"50610","506","Llauta"
"50611","506","Lucanas"
"50612","506","Ocaña"
"50613","506","Otoca"
"50614","506","Saisa"
"50615","506","San Cristóbal"
"50616","506","San Juan"
"50617","506","San Pedro"
"50618","506","San Pedro de Palco"
"50619","506","Sancos"
"50620","506","Santa Ana de Huaycahuacho"
"50621","506","Santa Lucia"
"50701","507","Coracora"
"50702","507","Chumpi"
"50703","507","Coronel Castañeda"
"50704","507","Pacapausa"
"50705","507","Pullo"
"50706","507","Puyusca"
"50707","507","San Francisco de Ravacayco"
"50708","507","Upahuacho"
"50801","508","Pausa"
"50802","508","Colta"
"50803","508","Corculla"
"50804","508","Lampa"
"50805","508","Marcabamba"
"50806","508","Oyolo"
"50807","508","Pararca"
"50808","508","San Javier de Alpabamba"
"50809","508","San José de Ushua"
"50810","508","Sara Sara"
"50901","509","Querobamba"
"50902","509","Belén"
"50903","509","Chalcos"
"50904","509","Chilcayoc"
"50905","509","Huacaña"
"50906","509","Morcolla"
"50907","509","Paico"
"50908","509","San Pedro de Larcay"
"50909","509","San Salvador de Quije"
"50910","509","Santiago de Paucaray"
"50911","509","Soras"
"51001","510","Huancapi"
"51002","510","Alcamenca"
"51003","510","Apongo"
"51004","510","Asquipata"
"51005","510","Canaria"
"51006","510","Cayara"
"51007","510","Colca"
"51008","510","Huamanquiquia"
"51009","510","Huancaraylla"
"51010","510","Hualla"
"51011","510","Sarhua"
"51012","510","Vilcanchos"
"51101","511","Vilcas Huaman"
"51102","511","Accomarca"
"51103","511","Carhuanca"
"51104","511","Concepción"
"51105","511","Huambalpa"
"51106","511","Independencia"
"51107","511","Saurama"
"51108","511","Vischongo"
"60101","601","Cajamarca"
"60102","601","Asunción"
"60103","601","Chetilla"
"60104","601","Cospan"
"60105","601","Encañada"
"60106","601","Jesús"
"60107","601","Llacanora"
"60108","601","Los Baños del Inca"
"60109","601","Magdalena"
"60110","601","Matara"
"60111","601","Namora"
"60112","601","San Juan"
"60201","602","Cajabamba"
"60202","602","Cachachi"
"60203","602","Condebamba"
"60204","602","Sitacocha"
"60301","603","Celendín"
"60302","603","Chumuch"
"60303","603","Cortegana"
"60304","603","Huasmin"
"60305","603","Jorge Chávez"
"60306","603","José Gálvez"
"60307","603","Miguel Iglesias"
"60308","603","Oxamarca"
"60309","603","Sorochuco"
"60310","603","Sucre"
"60311","603","Utco"
"60312","603","La Libertad de Pallan"
"60401","604","Chota"
"60402","604","Anguia"
"60403","604","Chadin"
"60404","604","Chiguirip"
"60405","604","Chimban"
"60406","604","Choropampa"
"60407","604","Cochabamba"
"60408","604","Conchan"
"60409","604","Huambos"
"60410","604","Lajas"
"60411","604","Llama"
"60412","604","Miracosta"
"60413","604","Paccha"
"60414","604","Pion"
"60415","604","Querocoto"
"60416","604","San Juan de Licupis"
"60417","604","Tacabamba"
"60418","604","Tocmoche"
"60419","604","Chalamarca"
"60501","605","Contumaza"
"60502","605","Chilete"
"60503","605","Cupisnique"
"60504","605","Guzmango"
"60505","605","San Benito"
"60506","605","Santa Cruz de Toledo"
"60507","605","Tantarica"
"60508","605","Yonan"
"60601","606","Cutervo"
"60602","606","Callayuc"
"60603","606","Choros"
"60604","606","Cujillo"
"60605","606","La Ramada"
"60606","606","Pimpingos"
"60607","606","Querocotillo"
"60608","606","San Andrés de Cutervo"
"60609","606","San Juan de Cutervo"
"60610","606","San Luis de Lucma"
"60611","606","Santa Cruz"
"60612","606","Santo Domingo de la Capilla"
"60613","606","Santo Tomas"
"60614","606","Socota"
"60615","606","Toribio Casanova"
"60701","607","Bambamarca"
"60702","607","Chugur"
"60703","607","Hualgayoc"
"60801","608","Jaén"
"60802","608","Bellavista"
"60803","608","Chontali"
"60804","608","Colasay"
"60805","608","Huabal"
"60806","608","Las Pirias"
"60807","608","Pomahuaca"
"60808","608","Pucara"
"60809","608","Sallique"
"60810","608","San Felipe"
"60811","608","San José del Alto"
"60812","608","Santa Rosa"
"60901","609","San Ignacio"
"60902","609","Chirinos"
"60903","609","Huarango"
"60904","609","La Coipa"
"60905","609","Namballe"
"60906","609","San José de Lourdes"
"60907","609","Tabaconas"
"61001","610","Pedro Gálvez"
"61002","610","Chancay"
"61003","610","Eduardo Villanueva"
"61004","610","Gregorio Pita"
"61005","610","Ichocan"
"61006","610","José Manuel Quiroz"
"61007","610","José Sabogal"
"61101","611","San Miguel"
"61102","611","Bolívar"
"61103","611","Calquis"
"61104","611","Catilluc"
"61105","611","El Prado"
"61106","611","La Florida"
"61107","611","Llapa"
"61108","611","Nanchoc"
"61109","611","Niepos"
"61110","611","San Gregorio"
"61111","611","San Silvestre de Cochan"
"61112","611","Tongod"
"61113","611","Unión Agua Blanca"
"61201","612","San Pablo"
"61202","612","San Bernardino"
"61203","612","San Luis"
"61204","612","Tumbaden"
"61301","613","Santa Cruz"
"61302","613","Andabamba"
"61303","613","Catache"
"61304","613","Chancaybaños"
"61305","613","La Esperanza"
"61306","613","Ninabamba"
"61307","613","Pulan"
"61308","613","Saucepampa"
"61309","613","Sexi"
"61310","613","Uticyacu"
"61311","613","Yauyucan"
"70101","701","Callao"
"70102","701","Bellavista"
"70103","701","Carmen de la Legua Reynoso"
"70104","701","La Perla"
"70105","701","La Punta"
"70106","701","Ventanilla"
"70107","701","Mi Perú"
"80101","801","Cusco"
"80102","801","Ccorca"
"80103","801","Poroy"
"80104","801","San Jerónimo"
"80105","801","San Sebastian"
"80106","801","Santiago"
"80107","801","Saylla"
"80108","801","Wanchaq"
"80201","802","Acomayo"
"80202","802","Acopia"
"80203","802","Acos"
"80204","802","Mosoc Llacta"
"80205","802","Pomacanchi"
"80206","802","Rondocan"
"80207","802","Sangarara"
"80301","803","Anta"
"80302","803","Ancahuasi"
"80303","803","Cachimayo"
"80304","803","Chinchaypujio"
"80305","803","Huarocondo"
"80306","803","Limatambo"
"80307","803","Mollepata"
"80308","803","Pucyura"
"80309","803","Zurite"
"80401","804","Calca"
"80402","804","Coya"
"80403","804","Lamay"
"80404","804","Lares"
"80405","804","Pisac"
"80406","804","San Salvador"
"80407","804","Taray"
"80408","804","Yanatile"
"80501","805","Yanaoca"
"80502","805","Checca"
"80503","805","Kunturkanki"
"80504","805","Langui"
"80505","805","Layo"
"80506","805","Pampamarca"
"80507","805","Quehue"
"80508","805","Tupac Amaru"
"80601","806","Sicuani"
"80602","806","Checacupe"
"80603","806","Combapata"
"80604","806","Marangani"
"80605","806","Pitumarca"
"80606","806","San Pablo"
"80607","806","San Pedro"
"80608","806","Tinta"
"80701","807","Santo Tomas"
"80702","807","Capacmarca"
"80703","807","Chamaca"
"80704","807","Colquemarca"
"80705","807","Livitaca"
"80706","807","Llusco"
"80707","807","Quiñota"
"80708","807","Velille"
"80801","808","Espinar"
"80802","808","Condoroma"
"80803","808","Coporaque"
"80804","808","Ocoruro"
"80805","808","Pallpata"
"80806","808","Pichigua"
"80807","808","Suyckutambo"
"80808","808","Alto Pichigua"
"80901","809","Santa Ana"
"80902","809","Echarate"
"80903","809","Huayopata"
"80904","809","Maranura"
"80905","809","Ocobamba"
"80906","809","Quellouno"
"80907","809","Kimbiri"
"80908","809","Santa Teresa"
"80909","809","Vilcabamba"
"80910","809","Pichari"
"80911","809","Inkawasi"
"80912","809","Villa Virgen"
"80913","809","Villa Kintiarina"
"80914","809","Megantoni"
"81001","810","Paruro"
"81002","810","Accha"
"81003","810","Ccapi"
"81004","810","Colcha"
"81005","810","Huanoquite"
"81006","810","Omachaç"
"81007","810","Paccaritambo"
"81008","810","Pillpinto"
"81009","810","Yaurisque"
"81101","811","Paucartambo"
"81102","811","Caicay"
"81103","811","Challabamba"
"81104","811","Colquepata"
"81105","811","Huancarani"
"81106","811","Kosñipata"
"81201","812","Urcos"
"81202","812","Andahuaylillas"
"81203","812","Camanti"
"81204","812","Ccarhuayo"
"81205","812","Ccatca"
"81206","812","Cusipata"
"81207","812","Huaro"
"81208","812","Lucre"
"81209","812","Marcapata"
"81210","812","Ocongate"
"81211","812","Oropesa"
"81212","812","Quiquijana"
"81301","813","Urubamba"
"81302","813","Chinchero"
"81303","813","Huayllabamba"
"81304","813","Machupicchu"
"81305","813","Maras"
"81306","813","Ollantaytambo"
"81307","813","Yucay"
"90101","901","Huancavelica"
"90102","901","Acobambilla"
"90103","901","Acoria"
"90104","901","Conayca"
"90105","901","Cuenca"
"90106","901","Huachocolpa"
"90107","901","Huayllahuara"
"90108","901","Izcuchaca"
"90109","901","Laria"
"90110","901","Manta"
"90111","901","Mariscal Cáceres"
"90112","901","Moya"
"90113","901","Nuevo Occoro"
"90114","901","Palca"
"90115","901","Pilchaca"
"90116","901","Vilca"
"90117","901","Yauli"
"90118","901","Ascensión"
"90119","901","Huando"
"90201","902","Acobamba"
"90202","902","Andabamba"
"90203","902","Anta"
"90204","902","Caja"
"90205","902","Marcas"
"90206","902","Paucara"
"90207","902","Pomacocha"
"90208","902","Rosario"
"90301","903","Lircay"
"90302","903","Anchonga"
"90303","903","Callanmarca"
"90304","903","Ccochaccasa"
"90305","903","Chincho"
"90306","903","Congalla"
"90307","903","Huanca-Huanca"
"90308","903","Huayllay Grande"
"90309","903","Julcamarca"
"90310","903","San Antonio de Antaparco"
"90311","903","Santo Tomas de Pata"
"90312","903","Secclla"
"90401","904","Castrovirreyna"
"90402","904","Arma"
"90403","904","Aurahua"
"90404","904","Capillas"
"90405","904","Chupamarca"
"90406","904","Cocas"
"90407","904","Huachos"
"90408","904","Huamatambo"
"90409","904","Mollepampa"
"90410","904","San Juan"
"90411","904","Santa Ana"
"90412","904","Tantara"
"90413","904","Ticrapo"
"90501","905","Churcampa"
"90502","905","Anco"
"90503","905","Chinchihuasi"
"90504","905","El Carmen"
"90505","905","La Merced"
"90506","905","Locroja"
"90507","905","Paucarbamba"
"90508","905","San Miguel de Mayocc"
"90509","905","San Pedro de Coris"
"90510","905","Pachamarca"
"90511","905","Cosme"
"90601","906","Huaytara"
"90602","906","Ayavi"
"90603","906","Córdova"
"90604","906","Huayacundo Arma"
"90605","906","Laramarca"
"90606","906","Ocoyo"
"90607","906","Pilpichaca"
"90608","906","Querco"
"90609","906","Quito-Arma"
"90610","906","San Antonio de Cusicancha"
"90611","906","San Francisco de Sangayaico"
"90612","906","San Isidro"
"90613","906","Santiago de Chocorvos"
"90614","906","Santiago de Quirahuara"
"90615","906","Santo Domingo de Capillas"
"90616","906","Tambo"
"90701","907","Pampas"
"90702","907","Acostambo"
"90703","907","Acraquia"
"90704","907","Ahuaycha"
"90705","907","Colcabamba"
"90706","907","Daniel Hernández"
"90707","907","Huachocolpa"
"90709","907","Huaribamba"
"90710","907","Ñahuimpuquio"
"90711","907","Pazos"
"90713","907","Quishuar"
"90714","907","Salcabamba"
"90715","907","Salcahuasi"
"90716","907","San Marcos de Rocchac"
"90717","907","Surcubamba"
"90718","907","Tintay Puncu"
"90719","907","Quichuas"
"90720","907","Andaymarca"
"90721","907","Roble"
"90722","907","Pichos"
"90723","907","Santiago de Tucuma"
"100101","1001","Huanuco"
"100102","1001","Amarilis"
"100103","1001","Chinchao"
"100104","1001","Churubamba"
"100105","1001","Margos"
"100106","1001","Quisqui (Kichki)"
"100107","1001","San Francisco de Cayran"
"100108","1001","San Pedro de Chaulan"
"100109","1001","Santa María del Valle"
"100110","1001","Yarumayo"
"100111","1001","Pillco Marca"
"100112","1001","Yacus"
"100113","1001","San Pablo de Pillao"
"100201","1002","Ambo"
"100202","1002","Cayna"
"100203","1002","Colpas"
"100204","1002","Conchamarca"
"100205","1002","Huacar"
"100206","1002","San Francisco"
"100207","1002","San Rafael"
"100208","1002","Tomay Kichwa"
"100301","1003","La Unión"
"100307","1003","Chuquis"
"100311","1003","Marías"
"100313","1003","Pachas"
"100316","1003","Quivilla"
"100317","1003","Ripan"
"100321","1003","Shunqui"
"100322","1003","Sillapata"
"100323","1003","Yanas"
"100401","1004","Huacaybamba"
"100402","1004","Canchabamba"
"100403","1004","Cochabamba"
"100404","1004","Pinra"
"100501","1005","Llata"
"100502","1005","Arancay"
"100503","1005","Chavín de Pariarca"
"100504","1005","Jacas Grande"
"100505","1005","Jircan"
"100506","1005","Miraflores"
"100507","1005","Monzón"
"100508","1005","Punchao"
"100509","1005","Puños"
"100510","1005","Singa"
"100511","1005","Tantamayo"
"100601","1006","Rupa-Rupa"
"100602","1006","Daniel Alomía Robles"
"100603","1006","Hermílio Valdizan"
"100604","1006","José Crespo y Castillo"
"100605","1006","Luyando"
"100606","1006","Mariano Damaso Beraun"
"100607","1006","Pucayacu"
"100608","1006","Castillo Grande"
"100609","1006","Pueblo Nuevo"
"100610","1006","Santo Domingo de Anda"
"100701","1007","Huacrachuco"
"100702","1007","Cholon"
"100703","1007","San Buenaventura"
"100704","1007","La Morada"
"100705","1007","Santa Rosa de Alto Yanajanca"
"100801","1008","Panao"
"100802","1008","Chaglla"
"100803","1008","Molino"
"100804","1008","Umari"
"100901","1009","Puerto Inca"
"100902","1009","Codo del Pozuzo"
"100903","1009","Honoria"
"100904","1009","Tournavista"
"100905","1009","Yuyapichis"
"101001","1010","Jesús"
"101002","1010","Baños"
"101003","1010","Jivia"
"101004","1010","Queropalca"
"101005","1010","Rondos"
"101006","1010","San Francisco de Asís"
"101007","1010","San Miguel de Cauri"
"101101","1011","Chavinillo"
"101102","1011","Cahuac"
"101103","1011","Chacabamba"
"101104","1011","Aparicio Pomares"
"101105","1011","Jacas Chico"
"101106","1011","Obas"
"101107","1011","Pampamarca"
"101108","1011","Choras"
"110101","1101","Ica"
"110102","1101","La Tinguiña"
"110103","1101","Los Aquijes"
"110104","1101","Ocucaje"
"110105","1101","Pachacutec"
"110106","1101","Parcona"
"110107","1101","Pueblo Nuevo"
"110108","1101","Salas"
"110109","1101","San José de Los Molinos"
"110110","1101","San Juan Bautista"
"110111","1101","Santiago"
"110112","1101","Subtanjalla"
"110113","1101","Tate"
"110114","1101","Yauca del Rosario"
"110201","1102","Chincha Alta"
"110202","1102","Alto Laran"
"110203","1102","Chavin"
"110204","1102","Chincha Baja"
"110205","1102","El Carmen"
"110206","1102","Grocio Prado"
"110207","1102","Pueblo Nuevo"
"110208","1102","San Juan de Yanac"
"110209","1102","San Pedro de Huacarpana"
"110210","1102","Sunampe"
"110211","1102","Tambo de Mora"
"110301","1103","Nasca"
"110302","1103","Changuillo"
"110303","1103","El Ingenio"
"110304","1103","Marcona"
"110305","1103","Vista Alegre"
"110401","1104","Palpa"
"110402","1104","Llipata"
"110403","1104","Río Grande"
"110404","1104","Santa Cruz"
"110405","1104","Tibillo"
"110501","1105","Pisco"
"110502","1105","Huancano"
"110503","1105","Humay"
"110504","1105","Independencia"
"110505","1105","Paracas"
"110506","1105","San Andrés"
"110507","1105","San Clemente"
"110508","1105","Tupac Amaru Inca"
"120101","1201","Huancayo"
"120104","1201","Carhuacallanga"
"120105","1201","Chacapampa"
"120106","1201","Chicche"
"120107","1201","Chilca"
"120108","1201","Chongos Alto"
"120111","1201","Chupuro"
"120112","1201","Colca"
"120113","1201","Cullhuas"
"120114","1201","El Tambo"
"120116","1201","Huacrapuquio"
"120117","1201","Hualhuas"
"120119","1201","Huancan"
"120120","1201","Huasicancha"
"120121","1201","Huayucachi"
"120122","1201","Ingenio"
"120124","1201","Pariahuanca"
"120125","1201","Pilcomayo"
"120126","1201","Pucara"
"120127","1201","Quichuay"
"120128","1201","Quilcas"
"120129","1201","San Agustín"
"120130","1201","San Jerónimo de Tunan"
"120132","1201","Saño"
"120133","1201","Sapallanga"
"120134","1201","Sicaya"
"120135","1201","Santo Domingo de Acobamba"
"120136","1201","Viques"
"120201","1202","Concepción"
"120202","1202","Aco"
"120203","1202","Andamarca"
"120204","1202","Chambara"
"120205","1202","Cochas"
"120206","1202","Comas"
"120207","1202","Heroínas Toledo"
"120208","1202","Manzanares"
"120209","1202","Mariscal Castilla"
"120210","1202","Matahuasi"
"120211","1202","Mito"
"120212","1202","Nueve de Julio"
"120213","1202","Orcotuna"
"120214","1202","San José de Quero"
"120215","1202","Santa Rosa de Ocopa"
"120301","1203","Chanchamayo"
"120302","1203","Perene"
"120303","1203","Pichanaqui"
"120304","1203","San Luis de Shuaro"
"120305","1203","San Ramón"
"120306","1203","Vitoc"
"120401","1204","Jauja"
"120402","1204","Acolla"
"120403","1204","Apata"
"120404","1204","Ataura"
"120405","1204","Canchayllo"
"120406","1204","Curicaca"
"120407","1204","El Mantaro"
"120408","1204","Huamali"
"120409","1204","Huaripampa"
"120410","1204","Huertas"
"120411","1204","Janjaillo"
"120412","1204","Julcán"
"120413","1204","Leonor Ordóñez"
"120414","1204","Llocllapampa"
"120415","1204","Marco"
"120416","1204","Masma"
"120417","1204","Masma Chicche"
"120418","1204","Molinos"
"120419","1204","Monobamba"
"120420","1204","Muqui"
"120421","1204","Muquiyauyo"
"120422","1204","Paca"
"120423","1204","Paccha"
"120424","1204","Pancan"
"120425","1204","Parco"
"120426","1204","Pomacancha"
"120427","1204","Ricran"
"120428","1204","San Lorenzo"
"120429","1204","San Pedro de Chunan"
"120430","1204","Sausa"
"120431","1204","Sincos"
"120432","1204","Tunan Marca"
"120433","1204","Yauli"
"120434","1204","Yauyos"
"120501","1205","Junin"
"120502","1205","Carhuamayo"
"120503","1205","Ondores"
"120504","1205","Ulcumayo"
"120601","1206","Satipo"
"120602","1206","Coviriali"
"120603","1206","Llaylla"
"120604","1206","Mazamari"
"120605","1206","Pampa Hermosa"
"120606","1206","Pangoa"
"120607","1206","Río Negro"
"120608","1206","Río Tambo"
"120609","1206","Vizcatan del Ene"
"120701","1207","Tarma"
"120702","1207","Acobamba"
"120703","1207","Huaricolca"
"120704","1207","Huasahuasi"
"120705","1207","La Unión"
"120706","1207","Palca"
"120707","1207","Palcamayo"
"120708","1207","San Pedro de Cajas"
"120709","1207","Tapo"
"120801","1208","La Oroya"
"120802","1208","Chacapalpa"
"120803","1208","Huay-Huay"
"120804","1208","Marcapomacocha"
"120805","1208","Morococha"
"120806","1208","Paccha"
"120807","1208","Santa Bárbara de Carhuacayan"
"120808","1208","Santa Rosa de Sacco"
"120809","1208","Suitucancha"
"120810","1208","Yauli"
"120901","1209","Chupaca"
"120902","1209","Ahuac"
"120903","1209","Chongos Bajo"
"120904","1209","Huachac"
"120905","1209","Huamancaca Chico"
"120906","1209","San Juan de Iscos"
"120907","1209","San Juan de Jarpa"
"120908","1209","Tres de Diciembre"
"120909","1209","Yanacancha"
"130101","1301","Trujillo"
"130102","1301","El Porvenir"
"130103","1301","Florencia de Mora"
"130104","1301","Huanchaco"
"130105","1301","La Esperanza"
"130106","1301","Laredo"
"130107","1301","Moche"
"130108","1301","Poroto"
"130109","1301","Salaverry"
"130110","1301","Simbal"
"130111","1301","Victor Larco Herrera"
"130201","1302","Ascope"
"130202","1302","Chicama"
"130203","1302","Chocope"
"130204","1302","Magdalena de Cao"
"130205","1302","Paijan"
"130206","1302","Rázuri"
"130207","1302","Santiago de Cao"
"130208","1302","Casa Grande"
"130301","1303","Bolívar"
"130302","1303","Bambamarca"
"130303","1303","Condormarca"
"130304","1303","Longotea"
"130305","1303","Uchumarca"
"130306","1303","Ucuncha"
"130401","1304","Chepen"
"130402","1304","Pacanga"
"130403","1304","Pueblo Nuevo"
"130501","1305","Julcan"
"130502","1305","Calamarca"
"130503","1305","Carabamba"
"130504","1305","Huaso"
"130601","1306","Otuzco"
"130602","1306","Agallpampa"
"130604","1306","Charat"
"130605","1306","Huaranchal"
"130606","1306","La Cuesta"
"130608","1306","Mache"
"130610","1306","Paranday"
"130611","1306","Salpo"
"130613","1306","Sinsicap"
"130614","1306","Usquil"
"130701","1307","San Pedro de Lloc"
"130702","1307","Guadalupe"
"130703","1307","Jequetepeque"
"130704","1307","Pacasmayo"
"130705","1307","San José"
"130801","1308","Tayabamba"
"130802","1308","Buldibuyo"
"130803","1308","Chillia"
"130804","1308","Huancaspata"
"130805","1308","Huaylillas"
"130806","1308","Huayo"
"130807","1308","Ongon"
"130808","1308","Parcoy"
"130809","1308","Pataz"
"130810","1308","Pias"
"130811","1308","Santiago de Challas"
"130812","1308","Taurija"
"130813","1308","Urpay"
"130901","1309","Huamachuco"
"130902","1309","Chugay"
"130903","1309","Cochorco"
"130904","1309","Curgos"
"130905","1309","Marcabal"
"130906","1309","Sanagoran"
"130907","1309","Sarin"
"130908","1309","Sartimbamba"
"131001","1310","Santiago de Chuco"
"131002","1310","Angasmarca"
"131003","1310","Cachicadan"
"131004","1310","Mollebamba"
"131005","1310","Mollepata"
"131006","1310","Quiruvilca"
"131007","1310","Santa Cruz de Chuca"
"131008","1310","Sitabamba"
"131101","1311","Cascas"
"131102","1311","Lucma"
"131103","1311","Marmot"
"131104","1311","Sayapullo"
"131201","1312","Viru"
"131202","1312","Chao"
"131203","1312","Guadalupito"
"140101","1401","Chiclayo"
"140102","1401","Chongoyape"
"140103","1401","Eten"
"140104","1401","Eten Puerto"
"140105","1401","José Leonardo Ortiz"
"140106","1401","La Victoria"
"140107","1401","Lagunas"
"140108","1401","Monsefu"
"140109","1401","Nueva Arica"
"140110","1401","Oyotun"
"140111","1401","Picsi"
"140112","1401","Pimentel"
"140113","1401","Reque"
"140114","1401","Santa Rosa"
"140115","1401","Saña"
"140116","1401","Cayalti"
"140117","1401","Patapo"
"140118","1401","Pomalca"
"140119","1401","Pucala"
"140120","1401","Tuman"
"140201","1402","Ferreñafe"
"140202","1402","Cañaris"
"140203","1402","Incahuasi"
"140204","1402","Manuel Antonio Mesones Muro"
"140205","1402","Pitipo"
"140206","1402","Pueblo Nuevo"
"140301","1403","Lambayeque"
"140302","1403","Chochope"
"140303","1403","Illimo"
"140304","1403","Jayanca"
"140305","1403","Mochumi"
"140306","1403","Morrope"
"140307","1403","Motupe"
"140308","1403","Olmos"
"140309","1403","Pacora"
"140310","1403","Salas"
"140311","1403","San José"
"140312","1403","Tucume"
"150101","1501","Lima"
"150102","1501","Ancón"
"150103","1501","Ate"
"150104","1501","Barranco"
"150105","1501","Breña"
"150106","1501","Carabayllo"
"150107","1501","Chaclacayo"
"150108","1501","Chorrillos"
"150109","1501","Cieneguilla"
"150110","1501","Comas"
"150111","1501","El Agustino"
"150112","1501","Independencia"
"150113","1501","Jesús María"
"150114","1501","La Molina"
"150115","1501","La Victoria"
"150116","1501","Lince"
"150117","1501","Los Olivos"
"150118","1501","Lurigancho"
"150119","1501","Lurin"
"150120","1501","Magdalena del Mar"
"150121","1501","Pueblo Libre"
"150122","1501","Miraflores"
"150123","1501","Pachacamac"
"150124","1501","Pucusana"
"150125","1501","Puente Piedra"
"150126","1501","Punta Hermosa"
"150127","1501","Punta Negra"
"150128","1501","Rímac"
"150129","1501","San Bartolo"
"150130","1501","San Borja"
"150131","1501","San Isidro"
"150132","1501","San Juan de Lurigancho"
"150133","1501","San Juan de Miraflores"
"150134","1501","San Luis"
"150135","1501","San Martín de Porres"
"150136","1501","San Miguel"
"150137","1501","Santa Anita"
"150138","1501","Santa María del Mar"
"150139","1501","Santa Rosa"
"150140","1501","Santiago de Surco"
"150141","1501","Surquillo"
"150142","1501","Villa El Salvador"
"150143","1501","Villa María del Triunfo"
"150201","1502","Barranca"
"150202","1502","Paramonga"
"150203","1502","Pativilca"
"150204","1502","Supe"
"150205","1502","Supe Puerto"
"150301","1503","Cajatambo"
"150302","1503","Copa"
"150303","1503","Gorgor"
"150304","1503","Huancapon"
"150305","1503","Manas"
"150401","1504","Canta"
"150402","1504","Arahuay"
"150403","1504","Huamantanga"
"150404","1504","Huaros"
"150405","1504","Lachaqui"
"150406","1504","San Buenaventura"
"150407","1504","Santa Rosa de Quives"
"150501","1505","San Vicente de Cañete"
"150502","1505","Asia"
"150503","1505","Calango"
"150504","1505","Cerro Azul"
"150505","1505","Chilca"
"150506","1505","Coayllo"
"150507","1505","Imperial"
"150508","1505","Lunahuana"
"150509","1505","Mala"
"150510","1505","Nuevo Imperial"
"150511","1505","Pacaran"
"150512","1505","Quilmana"
"150513","1505","San Antonio"
"150514","1505","San Luis"
"150515","1505","Santa Cruz de Flores"
"150516","1505","Zúñiga"
"150601","1506","Huaral"
"150602","1506","Atavillos Alto"
"150603","1506","Atavillos Bajo"
"150604","1506","Aucallama"
"150605","1506","Chancay"
"150606","1506","Ihuari"
"150607","1506","Lampian"
"150608","1506","Pacaraos"
"150609","1506","San Miguel de Acos"
"150610","1506","Santa Cruz de Andamarca"
"150611","1506","Sumbilca"
"150612","1506","Veintisiete de Noviembre"
"150701","1507","Matucana"
"150702","1507","Antioquia"
"150703","1507","Callahuanca"
"150704","1507","Carampoma"
"150705","1507","Chicla"
"150706","1507","Cuenca"
"150707","1507","Huachupampa"
"150708","1507","Huanza"
"150709","1507","Huarochiri"
"150710","1507","Lahuaytambo"
"150711","1507","Langa"
"150712","1507","Laraos"
"150713","1507","Mariatana"
"150714","1507","Ricardo Palma"
"150715","1507","San Andrés de Tupicocha"
"150716","1507","San Antonio"
"150717","1507","San Bartolomé"
"150718","1507","San Damian"
"150719","1507","San Juan de Iris"
"150720","1507","San Juan de Tantaranche"
"150721","1507","San Lorenzo de Quinti"
"150722","1507","San Mateo"
"150723","1507","San Mateo de Otao"
"150724","1507","San Pedro de Casta"
"150725","1507","San Pedro de Huancayre"
"150726","1507","Sangallaya"
"150727","1507","Santa Cruz de Cocachacra"
"150728","1507","Santa Eulalia"
"150729","1507","Santiago de Anchucaya"
"150730","1507","Santiago de Tuna"
"150731","1507","Santo Domingo de Los Olleros"
"150732","1507","Surco"
"150801","1508","Huacho"
"150802","1508","Ambar"
"150803","1508","Caleta de Carquin"
"150804","1508","Checras"
"150805","1508","Hualmay"
"150806","1508","Huaura"
"150807","1508","Leoncio Prado"
"150808","1508","Paccho"
"150809","1508","Santa Leonor"
"150810","1508","Santa María"
"150811","1508","Sayan"
"150812","1508","Vegueta"
"150901","1509","Oyon"
"150902","1509","Andajes"
"150903","1509","Caujul"
"150904","1509","Cochamarca"
"150905","1509","Navan"
"150906","1509","Pachangara"
"151001","1510","Yauyos"
"151002","1510","Alis"
"151003","1510","Allauca"
"151004","1510","Ayaviri"
"151005","1510","Azángaro"
"151006","1510","Cacra"
"151007","1510","Carania"
"151008","1510","Catahuasi"
"151009","1510","Chocos"
"151010","1510","Cochas"
"151011","1510","Colonia"
"151012","1510","Hongos"
"151013","1510","Huampara"
"151014","1510","Huancaya"
"151015","1510","Huangascar"
"151016","1510","Huantan"
"151017","1510","Huañec"
"151018","1510","Laraos"
"151019","1510","Lincha"
"151020","1510","Madean"
"151021","1510","Miraflores"
"151022","1510","Omas"
"151023","1510","Putinza"
"151024","1510","Quinches"
"151025","1510","Quinocay"
"151026","1510","San Joaquín"
"151027","1510","San Pedro de Pilas"
"151028","1510","Tanta"
"151029","1510","Tauripampa"
"151030","1510","Tomas"
"151031","1510","Tupe"
"151032","1510","Viñac"
"151033","1510","Vitis"
"160101","1601","Iquitos"
"160102","1601","Alto Nanay"
"160103","1601","Fernando Lores"
"160104","1601","Indiana"
"160105","1601","Las Amazonas"
"160106","1601","Mazan"
"160107","1601","Napo"
"160108","1601","Punchana"
"160110","1601","Torres Causana"
"160112","1601","Belén"
"160113","1601","San Juan Bautista"
"160201","1602","Yurimaguas"
"160202","1602","Balsapuerto"
"160205","1602","Jeberos"
"160206","1602","Lagunas"
"160210","1602","Santa Cruz"
"160211","1602","Teniente Cesar López Rojas"
"160301","1603","Nauta"
"160302","1603","Parinari"
"160303","1603","Tigre"
"160304","1603","Trompeteros"
"160305","1603","Urarinas"
"160401","1604","Ramón Castilla"
"160402","1604","Pebas"
"160403","1604","Yavari"
"160404","1604","San Pablo"
"160501","1605","Requena"
"160502","1605","Alto Tapiche"
"160503","1605","Capelo"
"160504","1605","Emilio San Martín"
"160505","1605","Maquia"
"160506","1605","Puinahua"
"160507","1605","Saquena"
"160508","1605","Soplin"
"160509","1605","Tapiche"
"160510","1605","Jenaro Herrera"
"160511","1605","Yaquerana"
"160601","1606","Contamana"
"160602","1606","Inahuaya"
"160603","1606","Padre Márquez"
"160604","1606","Pampa Hermosa"
"160605","1606","Sarayacu"
"160606","1606","Vargas Guerra"
"160701","1607","Barranca"
"160702","1607","Cahuapanas"
"160703","1607","Manseriche"
"160704","1607","Morona"
"160705","1607","Pastaza"
"160706","1607","Andoas"
"160801","1608","Putumayo"
"160802","1608","Rosa Panduro"
"160803","1608","Teniente Manuel Clavero"
"160804","1608","Yaguas"
"170101","1701","Tambopata"
"170102","1701","Inambari"
"170103","1701","Las Piedras"
"170104","1701","Laberinto"
"170201","1702","Manu"
"170202","1702","Fitzcarrald"
"170203","1702","Madre de Dios"
"170204","1702","Huepetuhe"
"170301","1703","Iñapari"
"170302","1703","Iberia"
"170303","1703","Tahuamanu"
"180101","1801","Moquegua"
"180102","1801","Carumas"
"180103","1801","Cuchumbaya"
"180104","1801","Samegua"
"180105","1801","San Cristóbal"
"180106","1801","Torata"
"180201","1802","Omate"
"180202","1802","Chojata"
"180203","1802","Coalaque"
"180204","1802","Ichuña"
"180205","1802","La Capilla"
"180206","1802","Lloque"
"180207","1802","Matalaque"
"180208","1802","Puquina"
"180209","1802","Quinistaquillas"
"180210","1802","Ubinas"
"180211","1802","Yunga"
"180301","1803","Ilo"
"180302","1803","El Algarrobal"
"180303","1803","Pacocha"
"190101","1901","Chaupimarca"
"190102","1901","Huachon"
"190103","1901","Huariaca"
"190104","1901","Huayllay"
"190105","1901","Ninacaca"
"190106","1901","Pallanchacra"
"190107","1901","Paucartambo"
"190108","1901","San Francisco de Asís de Yarusyacan"
"190109","1901","Simon Bolívar"
"190110","1901","Ticlacayan"
"190111","1901","Tinyahuarco"
"190112","1901","Vicco"
"190113","1901","Yanacancha"
"190201","1902","Yanahuanca"
"190202","1902","Chacayan"
"190203","1902","Goyllarisquizga"
"190204","1902","Paucar"
"190205","1902","San Pedro de Pillao"
"190206","1902","Santa Ana de Tusi"
"190207","1902","Tapuc"
"190208","1902","Vilcabamba"
"190301","1903","Oxapampa"
"190302","1903","Chontabamba"
"190303","1903","Huancabamba"
"190304","1903","Palcazu"
"190305","1903","Pozuzo"
"190306","1903","Puerto Bermúdez"
"190307","1903","Villa Rica"
"190308","1903","Constitución"
"200101","2001","Piura"
"200104","2001","Castilla"
"200105","2001","Catacaos"
"200107","2001","Cura Mori"
"200108","2001","El Tallan"
"200109","2001","La Arena"
"200110","2001","La Unión"
"200111","2001","Las Lomas"
"200114","2001","Tambo Grande"
"200115","2001","Veintiseis de Octubre"
"200201","2002","Ayabaca"
"200202","2002","Frias"
"200203","2002","Jilili"
"200204","2002","Lagunas"
"200205","2002","Montero"
"200206","2002","Pacaipampa"
"200207","2002","Paimas"
"200208","2002","Sapillica"
"200209","2002","Sicchez"
"200210","2002","Suyo"
"200301","2003","Huancabamba"
"200302","2003","Canchaque"
"200303","2003","El Carmen de la Frontera"
"200304","2003","Huarmaca"
"200305","2003","Lalaquiz"
"200306","2003","San Miguel de El Faique"
"200307","2003","Sondor"
"200308","2003","Sondorillo"
"200401","2004","Chulucanas"
"200402","2004","Buenos Aires"
"200403","2004","Chalaco"
"200404","2004","La Matanza"
"200405","2004","Morropon"
"200406","2004","Salitral"
"200407","2004","San Juan de Bigote"
"200408","2004","Santa Catalina de Mossa"
"200409","2004","Santo Domingo"
"200410","2004","Yamango"
"200501","2005","Paita"
"200502","2005","Amotape"
"200503","2005","Arenal"
"200504","2005","Colan"
"200505","2005","La Huaca"
"200506","2005","Tamarindo"
"200507","2005","Vichayal"
"200601","2006","Sullana"
"200602","2006","Bellavista"
"200603","2006","Ignacio Escudero"
"200604","2006","Lancones"
"200605","2006","Marcavelica"
"200606","2006","Miguel Checa"
"200607","2006","Querecotillo"
"200608","2006","Salitral"
"200701","2007","Pariñas"
"200702","2007","El Alto"
"200703","2007","La Brea"
"200704","2007","Lobitos"
"200705","2007","Los Organos"
"200706","2007","Mancora"
"200801","2008","Sechura"
"200802","2008","Bellavista de la Unión"
"200803","2008","Bernal"
"200804","2008","Cristo Nos Valga"
"200805","2008","Vice"
"200806","2008","Rinconada Llicuar"
"210101","2101","Puno"
"210102","2101","Acora"
"210103","2101","Amantani"
"210104","2101","Atuncolla"
"210105","2101","Capachica"
"210106","2101","Chucuito"
"210107","2101","Coata"
"210108","2101","Huata"
"210109","2101","Mañazo"
"210110","2101","Paucarcolla"
"210111","2101","Pichacani"
"210112","2101","Plateria"
"210113","2101","San Antonio"
"210114","2101","Tiquillaca"
"210115","2101","Vilque"
"210201","2102","Azángaro"
"210202","2102","Achaya"
"210203","2102","Arapa"
"210204","2102","Asillo"
"210205","2102","Caminaca"
"210206","2102","Chupa"
"210207","2102","José Domingo Choquehuanca"
"210208","2102","Muñani"
"210209","2102","Potoni"
"210210","2102","Saman"
"210211","2102","San Anton"
"210212","2102","San José"
"210213","2102","San Juan de Salinas"
"210214","2102","Santiago de Pupuja"
"210215","2102","Tirapata"
"210301","2103","Macusani"
"210302","2103","Ajoyani"
"210303","2103","Ayapata"
"210304","2103","Coasa"
"210305","2103","Corani"
"210306","2103","Crucero"
"210307","2103","Ituata"
"210308","2103","Ollachea"
"210309","2103","San Gaban"
"210310","2103","Usicayos"
"210401","2104","Juli"
"210402","2104","Desaguadero"
"210403","2104","Huacullani"
"210404","2104","Kelluyo"
"210405","2104","Pisacoma"
"210406","2104","Pomata"
"210407","2104","Zepita"
"210501","2105","Ilave"
"210502","2105","Capazo"
"210503","2105","Pilcuyo"
"210504","2105","Santa Rosa"
"210505","2105","Conduriri"
"210601","2106","Huancane"
"210602","2106","Cojata"
"210603","2106","Huatasani"
"210604","2106","Inchupalla"
"210605","2106","Pusi"
"210606","2106","Rosaspata"
"210607","2106","Taraco"
"210608","2106","Vilque Chico"
"210701","2107","Lampa"
"210702","2107","Cabanilla"
"210703","2107","Calapuja"
"210704","2107","Nicasio"
"210705","2107","Ocuviri"
"210706","2107","Palca"
"210707","2107","Paratia"
"210708","2107","Pucara"
"210709","2107","Santa Lucia"
"210710","2107","Vilavila"
"210801","2108","Ayaviri"
"210802","2108","Antauta"
"210803","2108","Cupi"
"210804","2108","Llalli"
"210805","2108","Macari"
"210806","2108","Nuñoa"
"210807","2108","Orurillo"
"210808","2108","Santa Rosa"
"210809","2108","Umachiri"
"210901","2109","Moho"
"210902","2109","Conima"
"210903","2109","Huayrapata"
"210904","2109","Tilali"
"211001","2110","Putina"
"211002","2110","Ananea"
"211003","2110","Pedro Vilca Apaza"
"211004","2110","Quilcapuncu"
"211005","2110","Sina"
"211101","2111","Juliaca"
"211102","2111","Cabana"
"211103","2111","Cabanillas"
"211104","2111","Caracoto"
"211105","2111","San Miguel"
"211201","2112","Sandia"
"211202","2112","Cuyocuyo"
"211203","2112","Limbani"
"211204","2112","Patambuco"
"211205","2112","Phara"
"211206","2112","Quiaca"
"211207","2112","San Juan del Oro"
"211208","2112","Yanahuaya"
"211209","2112","Alto Inambari"
"211210","2112","San Pedro de Putina Punco"
"211301","2113","Yunguyo"
"211302","2113","Anapia"
"211303","2113","Copani"
"211304","2113","Cuturapi"
"211305","2113","Ollaraya"
"211306","2113","Tinicachi"
"211307","2113","Unicachi"
"220101","2201","Moyobamba"
"220102","2201","Calzada"
"220103","2201","Habana"
"220104","2201","Jepelacio"
"220105","2201","Soritor"
"220106","2201","Yantalo"
"220201","2202","Bellavista"
"220202","2202","Alto Biavo"
"220203","2202","Bajo Biavo"
"220204","2202","Huallaga"
"220205","2202","San Pablo"
"220206","2202","San Rafael"
"220301","2203","San José de Sisa"
"220302","2203","Agua Blanca"
"220303","2203","San Martín"
"220304","2203","Santa Rosa"
"220305","2203","Shatoja"
"220401","2204","Saposoa"
"220402","2204","Alto Saposoa"
"220403","2204","El Eslabón"
"220404","2204","Piscoyacu"
"220405","2204","Sacanche"
"220406","2204","Tingo de Saposoa"
"220501","2205","Lamas"
"220502","2205","Alonso de Alvarado"
"220503","2205","Barranquita"
"220504","2205","Caynarachi"
"220505","2205","Cuñumbuqui"
"220506","2205","Pinto Recodo"
"220507","2205","Rumisapa"
"220508","2205","San Roque de Cumbaza"
"220509","2205","Shanao"
"220510","2205","Tabalosos"
"220511","2205","Zapatero"
"220601","2206","Juanjuí"
"220602","2206","Campanilla"
"220603","2206","Huicungo"
"220604","2206","Pachiza"
"220605","2206","Pajarillo"
"220701","2207","Picota"
"220702","2207","Buenos Aires"
"220703","2207","Caspisapa"
"220704","2207","Pilluana"
"220705","2207","Pucacaca"
"220706","2207","San Cristóbal"
"220707","2207","San Hilarión"
"220708","2207","Shamboyacu"
"220709","2207","Tingo de Ponasa"
"220710","2207","Tres Unidos"
"220801","2208","Rioja"
"220802","2208","Awajun"
"220803","2208","Elías Soplin Vargas"
"220804","2208","Nueva Cajamarca"
"220805","2208","Pardo Miguel"
"220806","2208","Posic"
"220807","2208","San Fernando"
"220808","2208","Yorongos"
"220809","2208","Yuracyacu"
"220901","2209","Tarapoto"
"220902","2209","Alberto Leveau"
"220903","2209","Cacatachi"
"220904","2209","Chazuta"
"220905","2209","Chipurana"
"220906","2209","El Porvenir"
"220907","2209","Huimbayoc"
"220908","2209","Juan Guerra"
"220909","2209","La Banda de Shilcayo"
"220910","2209","Morales"
"220911","2209","Papaplaya"
"220912","2209","San Antonio"
"220913","2209","Sauce"
"220914","2209","Shapaja"
"221001","2210","Tocache"
"221002","2210","Nuevo Progreso"
"221003","2210","Polvora"
"221004","2210","Shunte"
"221005","2210","Uchiza"
"230101","2301","Tacna"
"230102","2301","Alto de la Alianza"
"230103","2301","Calana"
"230104","2301","Ciudad Nueva"
"230105","2301","Inclan"
"230106","2301","Pachia"
"230107","2301","Palca"
"230108","2301","Pocollay"
"230109","2301","Sama"
"230110","2301","Coronel Gregorio Albarracín Lanchipa"
"230111","2301","La Yarada los Palos"
"230201","2302","Candarave"
"230202","2302","Cairani"
"230203","2302","Camilaca"
"230204","2302","Curibaya"
"230205","2302","Huanuara"
"230206","2302","Quilahuani"
"230301","2303","Locumba"
"230302","2303","Ilabaya"
"230303","2303","Ite"
"230401","2304","Tarata"
"230402","2304","Héroes Albarracín"
"230403","2304","Estique"
"230404","2304","Estique-Pampa"
"230405","2304","Sitajara"
"230406","2304","Susapaya"
"230407","2304","Tarucachi"
"230408","2304","Ticaco"
"240101","2401","Tumbes"
"240102","2401","Corrales"
"240103","2401","La Cruz"
"240104","2401","Pampas de Hospital"
"240105","2401","San Jacinto"
"240106","2401","San Juan de la Virgen"
"240201","2402","Zorritos"
"240202","2402","Casitas"
"240203","2402","Canoas de Punta Sal"
"240301","2403","Zarumilla"
"240302","2403","Aguas Verdes"
"240303","2403","Matapalo"
"240304","2403","Papayal"
"250101","2501","Calleria"
"250102","2501","Campoverde"
"250103","2501","Iparia"
"250104","2501","Masisea"
"250105","2501","Yarinacocha"
"250106","2501","Nueva Requena"
"250107","2501","Manantay"
"250201","2502","Raymondi"
"250202","2502","Sepahua"
"250203","2502","Tahuania"
"250204","2502","Yurua"
"250301","2503","Padre Abad"
"250302","2503","Irazola"
"250303","2503","Curimana"
"250304","2503","Neshuya"
"250305","2503","Alexander Von Humboldt"
"250401","2504","Purus"
